teams,cost,total_points,avg
redbull,26.5,406,58
mercedes,37.2,326,46.5714285714286
mclaren,18.6,279,39.8571428571429
ferrari,18.7,204,29.1428571428571
aston_martin,16.4,139,19.8571428571429
alpha_tauri,12.7,136,19.4285714285714
alpine,15.2,115,16.4285714285714
alpha_romeo,9.2,88,12.5714285714286
haas,6.1,65,9.28571428571429
williams,6.3,46,6.57142857142857
