teams,cost,total_points,avg,races
redbull,26.6,615.5,51.2916666666667,12
mercedes,37.1,619.5,51.625,
mclaren,18.7,435,36.25,
ferrari,18.8,393.5,32.7916666666667,
aston_martin,16.5,207.5,17.2916666666667,
alpha_tauri,12.7,230,19.1666666666667,
alpine,15.1,253,21.0833333333333,
alpha_romeo,9.1,145,12.0833333333333,
haas,6.1,116,9.66666666666667,
williams,6.3,134,11.1666666666667,
